volume,volume_weighted_average_price,open,close,high,low,timestamp,number_of_transactions
7.567506e6,533.5779,537.07,530.72,541.8,525.38,2020-10-19T04:00:00.0,126309
1.0047175e7,520.17,528.14,525.42,533.78,522.26,2020-10-20T04:00:00.0,205242
1.7339708e7,494.6589,501.03,489.05,506.85,488.25,2020-10-21T04:00:00.0,341364
6.979682e6,485.9947,494.69,485.23,495.14,482.0,2020-10-22T04:00:00.0,153399
4.927862e6,486.0458,488.11,488.28,490.06,481.35,2020-10-23T04:00:00.0,96941
6.086087e6,486.7335,487.025,488.24,496.82,478.9,2020-10-26T04:00:00.0,121971
3.627175e6,486.4422,490.01,488.93,490.49,482.93,2020-10-27T04:00:00.0,79651
5.992731e6,488.931,486.36,486.24,494.0,483.28,2020-10-28T04:00:00.0,120185
1.0930689e7,500.2495,488.5,504.21,513.8999,479.34,2020-10-29T04:00:00.0,198720
7.813897e6,481.8318,502.01,475.74,505.88,472.21,2020-10-30T04:00:00.0,170128
4.408193e6,481.94,478.87,484.12,486.3,475.0,2020-11-02T05:00:00.0,94616
3.689997e6,489.1089,484.93,487.22,495.305,478.76,2020-11-03T05:00:00.0,77721
5.13733e6,499.3614,495.36,496.95,507.73,493.98,2020-11-04T05:00:00.0,115507
5.372781e6,512.796,506.56,513.76,518.7337,503.45,2020-11-05T05:00:00.0,102809
4.236349e6,511.2059,515.0,514.73,515.21,502.51,2020-11-06T05:00:00.0,73328
1.0409926e7,480.7744,485.54,470.5,495.85,467.26,2020-11-09T05:00:00.0,262245
8.306142e6,476.1367,470.95,480.24,484.6,463.41,2020-11-10T05:00:00.0,159339
5.460532e6,485.8983,483.0,490.76,491.68,478.26,2020-11-11T05:00:00.0,107242
5.071155e6,487.0177,491.0,486.77,496.52,480.4255,2020-11-12T05:00:00.0,100743
3.00651e6,482.4349,486.77,482.84,488.94,477.8,2020-11-13T05:00:00.0,72319
3.953563e6,480.1761,480.0,479.1,485.58,477.3,2020-11-16T05:00:00.0,81492
3.690082e6,481.8099,480.12,480.63,487.51,479.18,2020-11-17T05:00:00.0,72760
3.629237e6,482.9919,481.95,481.79,488.61,477.7212,2020-11-18T05:00:00.0,84318
2.254653e6,485.0074,482.0,484.67,487.8,480.47,2020-11-19T05:00:00.0,56400
4.255924e6,488.6515,485.22,488.24,494.76,481.57,2020-11-20T05:00:00.0,94860
5.416571e6,481.2255,490.46,476.62,491.15,475.84,2020-11-23T05:00:00.0,124760
3.557894e6,480.5754,478.84,482.88,484.05,475.89,2020-11-24T05:00:00.0,87679
3.587154e6,483.7081,485.13,485.0,486.9,478.919,2020-11-25T05:00:00.0,76839
2.805762e6,487.6541,486.58,491.36,493.25,481.845,2020-11-27T05:00:00.0,61590
3.53094e6,488.4017,490.08,490.7,492.55,481.2678,2020-11-30T05:00:00.0,77805
5.063234e6,503.3595,492.3404,504.58,509.47,491.9812,2020-12-01T05:00:00.0,121086
3.028358e6,501.4672,501.62,503.38,506.795,493.5,2020-12-02T05:00:00.0,76007
2.826116e6,500.6627,502.99,497.52,508.77,496.04,2020-12-03T05:00:00.0,69894
3.666243e6,499.1611,497.5,498.31,504.5,493.64,2020-12-04T05:00:00.0,57593
4.289293e6,512.5728,500.01,515.78,517.76,497.77,2020-12-07T05:00:00.0,98624
4.22895e6,511.4552,517.9,512.66,521.4909,505.55,2020-12-08T05:00:00.0,76922
4.178768e6,498.9368,510.53,493.6,514.5,491.29,2020-12-09T05:00:00.0,99791
3.018203e6,500.0482,494.56,501.09,503.77,492.91,2020-12-10T05:00:00.0,66158
3.160928e6,499.9147,495.0,503.22,503.34,494.85,2020-12-11T05:00:00.0,64719
5.770424e6,518.6447,505.44,522.42,524.1603,501.18,2020-12-14T05:00:00.0,118311
3.398209e6,518.7242,518.5,519.78,524.7,513.56,2020-12-15T05:00:00.0,73284
3.676992e6,523.2331,520.11,524.83,527.38,517.69,2020-12-16T05:00:00.0,68049
3.193377e6,531.4132,529.0,532.9,535.49,526.44,2020-12-17T05:00:00.0,74032
4.502692e6,532.8245,533.2,534.45,536.37,526.02,2020-12-18T05:00:00.0,66884
3.893964e6,527.5169,530.05,528.91,532.62,521.15,2020-12-21T05:00:00.0,84004
1.908529e6,524.9744,527.69,527.33,530.4,520.5,2020-12-22T05:00:00.0,53898
2.393187e6,518.2046,524.76,514.48,526.32,514.2,2020-12-23T05:00:00.0,58686
1.143952e6,514.7065,515.12,513.97,519.345,512.2104,2020-12-24T05:00:00.0,31153
2.891867e6,516.5566,516.43,519.12,523.66,507.13,2020-12-28T05:00:00.0,71623
4.022358e6,530.2715,519.9,530.87,536.5478,515.4801,2020-12-29T05:00:00.0,93049
1.876286e6,526.3734,530.13,524.59,533.2575,523.69,2020-12-30T05:00:00.0,52090
5.392322e6,539.1279,525.53,540.73,545.5,523.1502,2020-12-31T05:00:00.0,107116
4.444407e6,524.4913,539.0,522.86,540.8,515.085,2021-01-04T05:00:00.0,116975
3.133872e6,521.3267,521.55,520.8,526.78,515.89,2021-01-05T05:00:00.0,75276
5.34621e6,506.5528,511.97,500.49,513.0998,499.5,2021-01-06T05:00:00.0,139366
3.686448e6,510.2571,508.28,508.89,516.44,506.42,2021-01-07T05:00:00.0,81399
2.973949e6,509.7236,511.31,510.4,513.24,504.51,2021-01-08T05:00:00.0,76258
3.81272e6,502.3004,507.84,499.1,510.725,497.95,2021-01-11T05:00:00.0,87872
5.990425e6,491.3245,500.0,494.25,501.09,485.6701,2021-01-12T05:00:00.0,132914
5.032099e6,505.8444,495.5012,507.79,512.3542,493.01,2021-01-13T05:00:00.0,107603
4.177357e6,503.7044,507.35,500.86,514.5,499.58,2021-01-14T05:00:00.0,85812
5.865788e6,499.7406,500.0,497.98,506.32,495.1,2021-01-15T05:00:00.0,96491
1.2308313e7,523.2123,501.0,501.77,509.25,493.5427,2021-01-19T05:00:00.0,242871
3.263133e7,577.3294,565.42,586.34,593.2877,556.86,2021-01-20T05:00:00.0,523949
1.1840634e7,578.3304,582.45,579.84,588.75,570.4,2021-01-21T05:00:00.0,211595
7.541822e6,571.7243,582.1,565.17,583.99,564.35,2021-01-22T05:00:00.0,138668
7.207329e6,557.7797,567.0,556.78,569.75,548.65,2021-01-25T05:00:00.0,165980
5.023847e6,562.6837,554.73,561.93,567.99,554.06,2021-01-26T05:00:00.0,96159
8.670277e6,535.8861,550.71,523.28,556.4187,515.73,2021-01-27T05:00:00.0,190779
5.968978e6,542.738,535.88,538.6,553.1482,530.74,2021-01-28T05:00:00.0,136115
4.325264e6,534.0761,538.0,532.39,541.0,530.18,2021-01-29T05:00:00.0,102682
3.547507e6,539.0619,536.79,539.04,545.06,531.73,2021-02-01T05:00:00.0,85149
3.765969e6,550.4306,542.01,548.16,555.48,538.935,2021-02-02T05:00:00.0,97616
3.172288e6,541.9835,550.17,539.45,550.48,538.243,2021-02-03T05:00:00.0,80360
5.164537e6,550.0153,539.81,552.16,559.48,537.51,2021-02-04T05:00:00.0,118019
2.376175e6,549.8677,552.26,550.79,554.44,545.4778,2021-02-05T05:00:00.0,68339
2.791721e6,548.6415,555.0,547.92,555.0,543.7,2021-02-08T05:00:00.0,72998
3.703499e6,559.0124,546.0,559.07,566.0,543.0,2021-02-09T05:00:00.0,89791
3.991264e6,560.3401,562.5,563.59,566.65,553.463,2021-02-10T05:00:00.0,83993
2.728987e6,558.228,564.442,557.59,565.93,554.22,2021-02-11T05:00:00.0,67092
2.197128e6,555.2952,556.94,556.52,561.2499,550.85,2021-02-12T05:00:00.0,53960
2.624097e6,557.5631,557.286,557.28,563.63,552.73,2021-02-16T05:00:00.0,64057
2.07159e6,548.9768,550.99,551.34,555.25,543.03,2021-02-17T05:00:00.0,59332
2.457604e6,544.9653,549.0,548.22,550.0,538.2265,2021-02-18T05:00:00.0,66700
2.841457e6,541.5335,548.0,540.22,548.99,538.8132,2021-02-19T05:00:00.0,69427
3.078594e6,535.3188,534.99,533.78,541.79,530.79,2021-02-22T05:00:00.0,83103
4.136532e6,536.6996,525.0035,546.15,548.54,518.28,2021-02-23T05:00:00.0,114864
3.245038e6,550.5275,539.8,553.41,556.8499,539.065,2021-02-24T05:00:00.0,82957
4.252879e6,545.3631,550.27,546.7,556.48,535.75,2021-02-25T05:00:00.0,106532
3.755274e6,543.8061,546.51,538.85,553.09,538.0,2021-02-26T05:00:00.0,93825
3.04218e6,548.5747,545.5734,550.64,552.14,542.0,2021-03-01T05:00:00.0,77661
3.042226e6,550.5171,553.34,547.82,556.99,546.02,2021-03-02T05:00:00.0,74914
5.062443e6,526.8703,545.93,520.7,548.005,517.81,2021-03-03T05:00:00.0,134220
5.034792e6,517.0925,521.5,511.29,531.5,507.68,2021-03-04T05:00:00.0,129314
5.069973e6,509.4464,511.98,516.39,517.76,498.7901,2021-03-05T05:00:00.0,138313
3.981758e6,502.8353,514.46,493.33,518.84,492.85,2021-03-08T05:00:00.0,110213
3.470042e6,507.6213,507.31,506.44,513.11,503.8221,2021-03-09T05:00:00.0,85122
3.771484e6,508.6241,513.5,504.54,518.97,504.25,2021-03-10T05:00:00.0,80628
4.710719e6,519.6489,512.2048,523.06,530.235,510.71,2021-03-11T05:00:00.0,98117
3.981743e6,513.8987,512.5,518.02,526.51,506.59,2021-03-12T05:00:00.0,111108
3.483319e6,513.9393,516.32,520.25,520.729,508.03,2021-03-15T04:00:00.0,90208
3.238888e6,527.5793,524.47,524.03,533.42,523.21,2021-03-16T04:00:00.0,78776
2.817376e6,520.8504,522.0,524.44,528.3654,514.3,2021-03-17T04:00:00.0,72474
4.093206e6,509.9204,516.3959,504.79,517.9,503.85,2021-03-18T04:00:00.0,102982
4.38279e6,509.4965,504.96,512.18,513.19,501.63,2021-03-19T04:00:00.0,81462
3.356762e6,523.5737,509.13,523.11,529.31,509.13,2021-03-22T04:00:00.0,83693
5.583461e6,537.2008,529.87,535.09,543.12,529.4,2021-03-23T04:00:00.0,125712
4.067211e6,525.4103,533.78,520.81,534.42,520.0,2021-03-24T04:00:00.0,83662
4.916664e6,505.7211,516.99,502.86,518.53,497.0,2021-03-25T04:00:00.0,128579
3.437797e6,503.4595,502.82,508.05,508.72,496.68,2021-03-26T04:00:00.0,94864
3.330049e6,511.6929,505.66,513.95,518.0,504.4,2021-03-29T04:00:00.0,88606
2.418129e6,511.3048,510.505,513.39,514.41,506.91,2021-03-30T04:00:00.0,61680
3.503111e6,523.0297,515.675,521.66,528.13,515.44,2021-03-31T04:00:00.0,87112
3.938637e6,535.3244,529.93,539.42,540.5,527.03,2021-04-01T04:00:00.0,102554
3.355904e6,538.9181,540.01,540.67,542.85,529.23,2021-04-05T04:00:00.0,80603
3.474205e6,547.605,544.81,544.53,554.165,543.3,2021-04-06T04:00:00.0,82955
2.151319e6,546.5137,543.5,546.99,549.64,541.45,2021-04-07T04:00:00.0,52911
4.289829e6,552.7538,551.13,554.58,556.899,547.57,2021-04-08T04:00:00.0,89844
2.894034e6,553.021,552.69,555.31,556.9,547.11,2021-04-09T04:00:00.0,74156
2.94406e6,553.3519,551.05,552.78,557.98,549.58,2021-04-12T04:00:00.0,73893
2.720344e6,554.5506,557.0,553.73,559.75,550.3,2021-04-13T04:00:00.0,75168
3.740294e6,543.4696,554.87,540.02,554.87,538.53,2021-04-14T04:00:00.0,99435
3.13905e6,549.2883,544.17,549.22,553.49,542.66,2021-04-15T04:00:00.0,89635
3.209075e6,545.3053,550.54,546.54,551.98,539.51,2021-04-16T04:00:00.0,81239
4.272215e6,551.3053,546.9,554.44,556.44,545.53,2021-04-19T04:00:00.0,106195
1.1257648e7,527.4844,554.42,549.57,563.56,546.3,2021-04-20T04:00:00.0,240986
2.2897446e7,509.0515,508.0,508.9,515.46,503.6001,2021-04-21T04:00:00.0,448664
9.048312e6,505.0684,513.82,508.78,513.96,500.55,2021-04-22T04:00:00.0,219964
7.274459e6,504.5842,509.01,505.55,509.7,500.7,2021-04-23T04:00:00.0,156549
4.388839e6,507.4542,506.76,510.3,510.48,503.0,2021-04-26T04:00:00.0,108267
3.761327e6,507.5174,512.62,505.55,512.99,504.5808,2021-04-27T04:00:00.0,97620
3.192983e6,506.2857,505.2,506.52,508.395,503.34,2021-04-28T04:00:00.0,86952
5.127792e6,504.7645,507.6,509.0,509.29,499.0,2021-04-29T04:00:00.0,127282
4.388242e6,512.0498,505.0,513.47,514.55,505.0,2021-04-30T04:00:00.0,104473
4.091895e6,509.8204,512.65,509.11,518.95,505.2,2021-05-03T04:00:00.0,107072
4.249502e6,501.9354,510.78,503.18,511.63,496.79,2021-05-04T04:00:00.0,117197
3.121866e6,500.1151,504.99,496.08,507.7843,494.63,2021-05-05T04:00:00.0,95292
3.783698e6,495.7677,495.99,499.55,499.55,491.37,2021-05-06T04:00:00.0,97465
3.132786e6,504.523,504.62,503.84,508.55,501.12,2021-05-07T04:00:00.0,91287
5.131632e6,491.5356,502.0,486.69,503.15,486.11,2021-05-10T04:00:00.0,122384
4.401e6,491.2964,479.75,495.08,497.99,478.63,2021-05-11T04:00:00.0,126115
4.01154e6,486.7091,486.83,484.98,493.54,482.7,2021-05-12T04:00:00.0,106645
2.716561e6,486.941,489.13,486.66,490.775,482.71,2021-05-13T04:00:00.0,83487
2.823964e6,492.0715,487.86,493.37,494.85,486.59,2021-05-14T04:00:00.0,80240
2.705249e6,487.2399,485.59,488.94,492.71,482.81,2021-05-17T04:00:00.0,79829
2.350496e6,489.0275,488.395,486.28,493.4778,486.1895,2021-05-18T04:00:00.0,73478
3.34918e6,484.6058,481.625,487.7,488.57,478.54,2021-05-19T04:00:00.0,87703
3.677018e6,500.2903,489.55,501.67,502.7,488.975,2021-05-20T04:00:00.0,95124
3.318965e6,500.1757,503.12,497.89,505.4,497.26,2021-05-21T04:00:00.0,73369
2.412595e6,502.4631,501.05,502.9,504.25,499.51,2021-05-24T04:00:00.0,70829
2.699459e6,501.543,506.0,501.34,506.365,499.22,2021-05-25T04:00:00.0,72530
2.465303e6,502.5753,502.34,502.36,504.14,500.5,2021-05-26T04:00:00.0,61964
3.253773e6,502.9357,501.8,503.86,505.1,498.54,2021-05-27T04:00:00.0,70310
2.911297e6,506.3149,504.4,502.81,511.76,502.53,2021-05-28T04:00:00.0,86465
2.482555e6,500.5701,504.01,499.08,505.41,497.7443,2021-06-01T04:00:00.0,72931
2.268979e6,499.0878,499.82,499.24,503.22,495.82,2021-06-02T04:00:00.0,73625
3.778915e6,490.4376,495.19,489.43,496.66,487.25,2021-06-03T04:00:00.0,104678
3.160487e6,496.2666,492.0,494.74,501.86,490.95,2021-06-04T04:00:00.0,79688
2.791932e6,493.2271,492.9169,494.66,496.7,490.55,2021-06-07T04:00:00.0,73541
2.374037e6,492.958,497.0,492.39,498.82,489.37,2021-06-08T04:00:00.0,68297
3.055029e6,489.0389,494.5,485.81,496.09,484.65,2021-06-09T04:00:00.0,81224
4.353428e6,486.8589,487.165,487.27,490.21,482.14,2021-06-10T04:00:00.0,112351
3.123969e6,489.4804,490.0,488.77,491.41,487.78,2021-06-11T04:00:00.0,71926
4.400222e6,498.7135,489.68,499.89,503.5,486.91,2021-06-14T04:00:00.0,116816
3.099523e6,493.4669,501.23,491.9,501.23,490.4,2021-06-15T04:00:00.0,91421
3.458206e6,492.2067,495.0,492.41,496.46,486.28,2021-06-16T04:00:00.0,91523
3.195673e6,498.2101,490.25,498.34,501.8,490.15,2021-06-17T04:00:00.0,95941
5.197576e6,500.7688,496.4,500.77,504.49,495.24,2021-06-18T04:00:00.0,103712
5.277297e6,495.8148,501.64,497.0,502.05,492.28,2021-06-21T04:00:00.0,106679
5.809271e6,505.2946,498.54,508.82,513.55,495.795,2021-06-22T04:00:00.0,130136
3.935752e6,512.7534,508.48,512.74,516.63,508.2,2021-06-23T04:00:00.0,94744
3.325502e6,517.6207,517.96,518.06,520.96,514.4001,2021-06-24T04:00:00.0,93825
5.299072e6,528.3894,528.84,527.07,533.06,525.0,2021-06-25T04:00:00.0,120705
2.820227e6,530.4717,528.12,533.03,533.9399,524.56,2021-06-28T04:00:00.0,86150
2.314647e6,532.4617,533.55,533.5,536.13,528.57,2021-06-29T04:00:00.0,71690
2.773445e6,529.8674,534.0551,528.21,534.38,526.82,2021-06-30T04:00:00.0,75860
2.805402e6,533.367,525.72,533.54,537.04,525.72,2021-07-01T04:00:00.0,73700
1.980316e6,533.2821,535.5,533.98,538.5351,529.39,2021-07-02T04:00:00.0,59145
2.774226e6,539.2459,533.0,541.64,542.86,533.0,2021-07-06T04:00:00.0,85488
2.722498e6,537.0775,544.24,535.96,544.64,531.66,2021-07-07T04:00:00.0,84277
3.266428e6,531.5462,530.93,530.76,535.5,529.09,2021-07-08T04:00:00.0,77732
2.777231e6,534.977,531.0,535.98,538.26,528.58,2021-07-09T04:00:00.0,69349
1.780738e6,536.1625,540.3,537.31,540.6497,532.92,2021-07-12T04:00:00.0,57048
2.751593e6,541.3152,535.76,540.68,545.33,535.76,2021-07-13T04:00:00.0,74911
4.659535e6,550.1749,541.01,547.95,554.1,541.01,2021-07-14T04:00:00.0,118096
5.713873e6,546.4525,553.97,542.95,557.5399,538.2,2021-07-15T04:00:00.0,138326
3.442101e6,533.3587,541.81,530.31,544.06,527.05,2021-07-16T04:00:00.0,87665
3.885764e6,529.8626,526.05,532.28,534.913,522.2401,2021-07-19T04:00:00.0,102554
6.93044e6,527.6655,526.07,531.05,536.64,520.3,2021-07-20T04:00:00.0,165288
1.1906793e7,512.8797,526.13,513.63,530.99,505.61,2021-07-21T04:00:00.0,248108
4.320825e6,509.8511,510.2059,511.77,513.68,507.0,2021-07-22T04:00:00.0,114115
3.820478e6,511.8426,512.16,515.41,517.41,504.66,2021-07-23T04:00:00.0,98076
2.254538e6,516.7476,514.38,516.49,521.13,509.0101,2021-07-26T04:00:00.0,69016
2.759037e6,517.3321,518.08,518.91,521.95,512.05,2021-07-27T04:00:00.0,79846
2.390466e6,520.4081,521.82,519.3,524.47,516.98,2021-07-28T04:00:00.0,68834
1.736014e6,516.7032,519.96,514.25,520.7799,513.7927,2021-07-29T04:00:00.0,61554
2.537107e6,516.9862,512.69,517.57,519.79,510.9642,2021-07-30T04:00:00.0,66443
2.096632e6,515.894,519.0,515.15,519.85,510.51,2021-08-02T04:00:00.0,61642
2.579427e6,510.0444,514.39,510.82,515.63,505.37,2021-08-03T04:00:00.0,73854
2.039374e6,515.0138,513.0,517.35,517.98,510.37,2021-08-04T04:00:00.0,67708
2.556687e6,522.5057,517.13,524.89,525.41,514.02,2021-08-05T04:00:00.0,71577
1.919798e6,522.0436,524.0,520.55,526.84,519.39,2021-08-06T04:00:00.0,57210
1.367782e6,519.81,521.1469,519.97,522.6699,517.99,2021-08-09T04:00:00.0,48106
1.960544e6,515.9847,520.0,515.84,520.79,512.965,2021-08-10T04:00:00.0,59839
1.673904e6,512.9736,517.0,512.4,519.57,509.77,2021-08-11T04:00:00.0,55258
1.68512e6,510.4896,511.86,510.72,513.0,507.2014,2021-08-12T04:00:00.0,47637
2.177736e6,517.1571,512.64,515.92,521.44,511.51,2021-08-13T04:00:00.0,65533
2.033176e6,516.7897,515.24,517.92,523.38,512.3,2021-08-16T04:00:00.0,57321
2.309803e6,517.8912,515.465,518.91,520.79,514.2,2021-08-17T04:00:00.0,64120
2.582046e6,522.8904,520.0,521.87,526.38,518.65,2021-08-18T04:00:00.0,73868
7.468042e6,541.1802,522.74,543.71,548.39,521.87,2021-08-19T04:00:00.0,184224
3.776429e6,547.0013,545.09,546.88,551.3883,539.1,2021-08-20T04:00:00.0,97400
2.60201e6,552.2405,545.98,553.33,555.55,543.74,2021-08-23T04:00:00.0,77894
2.109525e6,552.4183,551.484,553.41,555.3141,549.27,2021-08-24T04:00:00.0,69738
2.065621e6,548.0494,550.16,547.58,552.84,545.45,2021-08-25T04:00:00.0,62882
1.595499e6,549.7421,546.16,550.12,552.604,545.9,2021-08-26T04:00:00.0,54249
3.252595e6,558.6966,551.6,558.92,564.17,549.25,2021-08-27T04:00:00.0,86538
2.434839e6,564.6782,557.25,566.18,567.1648,556.45,2021-08-30T04:00:00.0,75174
2.411886e6,566.7351,566.12,569.19,569.48,561.611,2021-08-31T04:00:00.0,69955
5.626214e6,581.9703,569.0,582.07,591.0,569.0,2021-09-01T04:00:00.0,143636
6.159782e6,592.4883,583.68,588.55,598.7567,583.68,2021-09-02T04:00:00.0,145947
2.684005e6,588.6179,585.8,590.53,591.8783,583.14,2021-09-03T04:00:00.0,81545
5.900136e6,606.7961,594.69,606.71,613.85,593.99,2021-09-07T04:00:00.0,152633
5.424503e6,605.3937,603.84,606.05,615.6,595.71,2021-09-08T04:00:00.0,149729
2.954214e6,601.4763,606.47,597.54,609.44,596.55,2021-09-09T04:00:00.0,78175
3.950764e6,600.8392,598.16,598.72,609.45,593.67,2021-09-10T04:00:00.0,99234
3.116997e6,588.095,598.57,589.29,598.57,582.775,2021-09-13T04:00:00.0,101477
3.52794e6,579.5217,584.89,577.76,587.28,575.56,2021-09-14T04:00:00.0,107138
2.804288e6,580.7227,578.17,582.87,584.62,575.37,2021-09-15T04:00:00.0,87942
1.832028e6,583.4838,584.3,586.5,587.48,577.72,2021-09-16T04:00:00.0,60051
4.139145e6,586.9623,587.85,589.35,590.28,580.8501,2021-09-17T04:00:00.0,78280
3.732227e6,576.7605,586.79,575.43,591.53,568.08,2021-09-20T04:00:00.0,111116
2.250884e6,575.0733,578.31,573.14,581.88,569.37,2021-09-21T04:00:00.0,82123
4.021845e6,591.1701,579.69,590.65,595.65,579.69,2021-09-22T04:00:00.0,121713
2.523496e6,594.5124,590.79,593.26,599.32,589.1301,2021-09-23T04:00:00.0,77454
2.126246e6,588.9109,592.5,592.39,592.98,583.64,2021-09-24T04:00:00.0,71978
2.504738e6,586.6835,587.95,592.64,593.58,576.93,2021-09-27T04:00:00.0,92797
4.431051e6,588.2454,589.0,583.85,599.5353,580.16,2021-09-28T04:00:00.0,130669
6.221026e6,602.7646,589.01,599.06,609.8799,588.01,2021-09-29T04:00:00.0,166341
6.717011e6,613.2484,608.05,610.34,619.0,608.05,2021-09-30T04:00:00.0,179335
4.090847e6,606.8706,604.24,613.15,614.99,597.505,2021-10-01T04:00:00.0,108608
4.995932e6,604.067,613.39,603.35,626.125,594.68,2021-10-04T04:00:00.0,133849
9.514293e6,630.6554,606.94,634.81,640.39,606.89,2021-10-05T04:00:00.0,195866
4.580434e6,634.2759,628.18,639.1,639.8699,626.36,2021-10-06T04:00:00.0,111119
3.556886e6,636.9168,642.2252,631.85,646.84,630.45,2021-10-07T04:00:00.0,104037
3.313314e6,636.8256,634.165,632.66,643.8,630.86,2021-10-08T04:00:00.0,85963
2.86247e6,632.924,633.195,627.04,639.42,626.78,2021-10-11T04:00:00.0,81636
3.177349e6,627.396,633.02,624.94,637.655,621.99,2021-10-12T04:00:00.0,85445
2.424638e6,626.98,632.1791,629.76,632.1791,622.1,2021-10-13T04:00:00.0,67683
2.672535e6,633.3077,632.23,633.8,636.88,626.79,2021-10-14T04:00:00.0,79933
4.116874e6,631.0733,638.0,628.29,639.42,625.16,2021-10-15T04:00:00.0,105464
4.669071e6,632.2481,632.1,637.97,638.41,620.5901,2021-10-18T04:00:00.0,120266
7.608147e6,638.5975,636.969,639.0,641.0,632.3,2021-10-19T04:00:00.0,187581
1.0621997e7,626.9502,625.5728,625.14,637.4,617.15,2021-10-20T04:00:00.0,223860
8.43707e6,646.3872,628.89,653.16,654.01,628.65,2021-10-21T04:00:00.0,197277
6.186016e6,659.8642,651.81,664.78,665.46,651.81,2021-10-22T04:00:00.0,153614
3.833526e6,667.5177,663.74,671.66,675.88,657.07,2021-10-25T04:00:00.0,117527
2.90484e6,669.1539,673.76,668.52,676.4899,662.77,2021-10-26T04:00:00.0,95472
2.276914e6,665.7112,669.0,662.92,671.41,661.85,2021-10-27T04:00:00.0,76860
2.809409e6,673.3802,670.9493,674.05,676.8,668.03,2021-10-28T04:00:00.0,83508
3.825279e6,684.3728,673.06,690.31,690.9699,671.24,2021-10-29T04:00:00.0,111320
3.110911e6,682.3217,689.06,681.17,689.97,676.54,2021-11-01T04:00:00.0,106544
3.888597e6,679.8913,683.11,677.72,687.68,673.82,2021-11-02T04:00:00.0,110179
2.334852e6,684.8633,677.27,688.29,689.39,677.27,2021-11-03T04:00:00.0,77913
4.865023e6,671.4656,685.89,668.4,685.94,665.5,2021-11-04T04:00:00.0,152711
5.283488e6,652.9705,663.97,645.72,665.64,645.01,2021-11-05T04:00:00.0,158087
2.887523e6,650.6352,650.29,651.45,656.0,643.79,2021-11-08T05:00:00.0,101922
2.41563e6,655.2477,653.7,655.99,660.5,650.52,2021-11-09T05:00:00.0,89504
2.403885e6,649.3321,653.01,646.91,660.3306,642.11,2021-11-10T05:00:00.0,86338
2.868311e6,660.1624,650.24,657.58,665.82,649.705,2021-11-11T05:00:00.0,91294
4.19841e6,674.5088,660.01,682.61,683.34,653.82,2021-11-12T05:00:00.0,118861
2.872186e6,678.6871,681.235,679.33,685.2599,671.49,2021-11-15T05:00:00.0,98752
2.077387e6,684.083,678.27,687.4,688.3599,676.9,2021-11-16T05:00:00.0,76867
2.732831e6,692.8763,690.0,691.69,700.9894,686.09,2021-11-17T05:00:00.0,86150
2.014992e6,684.1867,691.61,682.02,691.74,679.735,2021-11-18T05:00:00.0,71313
2.614852e6,683.5015,692.35,678.8,694.16,675.0,2021-11-19T05:00:00.0,90629
2.765318e6,665.475,676.02,659.2,679.48,656.47,2021-11-22T05:00:00.0,99464
2.320917e6,653.7608,658.18,654.06,666.43,646.05,2021-11-23T05:00:00.0,83528
1.867282e6,658.0139,658.01,658.29,661.44,651.1,2021-11-24T05:00:00.0,65567
2.872513e6,668.1421,675.0,665.64,676.405,660.67,2021-11-26T05:00:00.0,82997
2.529364e6,663.2454,663.2,663.84,667.99,658.29,2021-11-29T05:00:00.0,89311
5.488919e6,649.1245,668.1975,641.9,675.38,640.01,2021-11-30T05:00:00.0,120646
3.897019e6,631.3374,649.48,617.77,654.52,617.07,2021-12-01T05:00:00.0,131760
3.331131e6,617.6013,617.1,616.47,625.36,612.88,2021-12-02T05:00:00.0,106531
4.829282e6,601.5676,622.75,602.13,625.5,594.0,2021-12-03T05:00:00.0,150231
3.075672e6,611.2145,606.01,612.69,617.29,601.0,2021-12-06T05:00:00.0,100148
3.12519e6,621.3392,619.83,625.58,628.89,611.4,2021-12-07T05:00:00.0,97200
2.220308e6,628.7527,630.0,628.08,632.455,623.2,2021-12-08T05:00:00.0,64087
2.375446e6,615.801,627.58,611.0,630.24,610.44,2021-12-09T05:00:00.0,78510
2.743699e6,610.5622,616.78,611.66,617.74,605.88,2021-12-10T05:00:00.0,75882
2.517915e6,604.5004,612.0,604.56,612.64,599.52,2021-12-13T05:00:00.0,81687
2.984536e6,594.7987,598.71,597.99,602.29,588.13,2021-12-14T05:00:00.0,91190
2.866196e6,596.0374,598.18,605.04,605.69,584.51,2021-12-15T05:00:00.0,93823
3.143217e6,593.9419,597.09,591.06,602.8308,588.0,2021-12-16T05:00:00.0,96689
4.433706e6,587.8555,591.61,586.73,593.25,581.74,2021-12-17T05:00:00.0,92857
3.358404e6,593.9432,586.43,593.74,602.8847,584.26,2021-12-20T05:00:00.0,113597
2.31939e6,602.0139,597.5434,604.92,607.82,593.8611,2021-12-21T05:00:00.0,80992
2.335745e6,611.697,603.36,614.24,614.82,602.63,2021-12-22T05:00:00.0,75873
1.621146e6,613.6915,616.4,614.09,616.88,607.57,2021-12-23T05:00:00.0,56603
2.062233e6,612.9368,615.0,613.12,615.0,609.25,2021-12-27T05:00:00.0,63446
1.884116e6,613.0725,614.95,610.71,618.41,609.69,2021-12-28T05:00:00.0,74645
1.287513e6,609.128,610.71,610.54,613.98,604.68,2021-12-29T05:00:00.0,52559
1.625093e6,615.6539,612.99,612.09,620.61,611.2401,2021-12-30T05:00:00.0,59908
1.995918e6,605.2859,610.01,602.44,614.075,602.05,2021-12-31T05:00:00.0,63554
3.065008e6,597.6652,605.61,597.37,609.99,590.56,2022-01-03T05:00:00.0,104197
4.393135e6,588.7572,599.91,591.15,600.4099,581.6,2022-01-04T05:00:00.0,136108
4.148749e6,575.5821,592.0,567.52,592.84,566.88,2022-01-05T05:00:00.0,130362
5.711795e6,553.6506,554.34,553.29,563.36,542.01,2022-01-06T05:00:00.0,165529
3.382873e6,542.8876,549.46,541.06,553.43,538.2175,2022-01-07T05:00:00.0,107101
4.486145e6,535.7491,538.49,539.85,543.69,526.32,2022-01-10T05:00:00.0,124186
3.077836e6,538.8113,536.99,540.84,543.91,530.07,2022-01-11T05:00:00.0,103291
3.787372e6,537.5672,544.27,537.22,544.27,532.02,2022-01-12T05:00:00.0,114573
4.475063e6,525.3403,537.06,519.2,540.79,518.26,2022-01-13T05:00:00.0,127812
7.861109e6,525.5745,517.6,525.69,538.37,511.88,2022-01-14T05:00:00.0,191413
4.840043e6,513.1059,520.08,510.8,521.75,508.68,2022-01-18T05:00:00.0,146017
4.353508e6,516.4826,515.0,515.86,523.21,510.51,2022-01-19T05:00:00.0,121458
1.2658993e7,465.8039,517.7498,508.25,526.64,506.93,2022-01-20T05:00:00.0,321269
5.8830866e7,395.0306,400.425,397.5,409.1499,379.99,2022-01-21T05:00:00.0,1095351
3.2377182e7,369.1202,383.91,387.15,387.26,351.46,2022-01-24T05:00:00.0,610328
1.5139316e7,372.1868,379.14,366.42,387.71,365.13,2022-01-25T05:00:00.0,337909
1.2678131e7,371.7943,378.27,359.7,382.66,356.62,2022-01-26T05:00:00.0,290347
2.4313347e7,386.6002,382.06,386.7,394.8,378.1,2022-01-27T05:00:00.0,437256
1.1894305e7,379.8432,386.76,384.36,387.0,372.08,2022-01-28T05:00:00.0,262462
2.0034702e7,417.6651,401.97,427.14,427.7,398.2,2022-01-31T05:00:00.0,405080
2.2228099e7,444.1371,432.96,457.13,458.48,425.5401,2022-02-01T05:00:00.0,401430
1.434601e7,435.5684,448.25,429.48,451.98,426.48,2022-02-02T05:00:00.0,327767
9.90521e6,413.4559,421.44,405.6,429.26,404.28,2022-02-03T05:00:00.0,236146
7.789798e6,406.4529,407.31,410.17,412.77,396.6391,2022-02-04T05:00:00.0,197693
8.158859e6,401.3745,410.17,402.1,412.35,393.55,2022-02-07T05:00:00.0,200734
6.818543e6,402.1151,398.18,403.53,406.61,395.83,2022-02-08T05:00:00.0,154934
7.732897e6,407.3955,408.65,412.89,412.98,398.79,2022-02-09T05:00:00.0,184921
8.452915e6,403.4225,402.1,406.27,408.0,396.36,2022-02-10T05:00:00.0,215246
7.558939e6,396.0924,405.33,391.31,411.6103,387.65,2022-02-11T05:00:00.0,187457
7.202155e6,400.2318,387.59,396.57,409.36,386.891,2022-02-14T05:00:00.0,153624
5.395641e6,405.5445,403.79,407.46,409.1619,401.01,2022-02-15T05:00:00.0,117921
5.27765e6,396.0488,401.53,398.08,401.56,390.3842,2022-02-16T05:00:00.0,132005
4.669222e6,391.0769,394.235,386.67,399.11,385.7,2022-02-17T05:00:00.0,122821
6.801668e6,394.1564,392.53,391.29,402.87,389.0466,2022-02-18T05:00:00.0,168098
6.668515e6,381.1013,388.95,377.38,392.42,373.02,2022-02-22T05:00:00.0,187341
4.61429e6,372.1211,382.72,367.46,386.0,366.66,2022-02-23T05:00:00.0,125123
7.068724e6,375.9055,355.09,390.03,390.73,354.72,2022-02-24T05:00:00.0,189499
4.841636e6,386.1093,386.61,390.8,391.29,375.58,2022-02-25T05:00:00.0,134247
5.035046e6,391.9541,387.33,394.52,397.75,382.13,2022-02-28T05:00:00.0,126831
3.290439e6,388.811,391.6,386.24,395.0,383.705,2022-03-01T05:00:00.0,106753
5.356809e6,379.8237,388.93,380.03,389.22,375.21,2022-03-02T05:00:00.0,131500
6.059836e6,370.1987,386.0,368.07,386.12,364.65,2022-03-03T05:00:00.0,148163
5.32918e6,361.9986,368.0,361.73,374.8186,357.17,2022-03-04T05:00:00.0,146864
5.708383e6,355.4569,360.41,350.26,361.995,350.2,2022-03-07T05:00:00.0,149354
6.428655e6,346.8772,349.8,341.76,358.86,340.67,2022-03-08T05:00:00.0,157164
6.485186e6,358.5485,357.685,358.79,364.14,350.5089,2022-03-09T05:00:00.0,144777
4.807767e6,358.9168,356.2,356.77,367.02,353.3,2022-03-10T05:00:00.0,121317
4.819925e6,346.3833,361.19,340.32,363.36,340.0,2022-03-11T05:00:00.0,121622
5.607817e6,333.5401,338.72,331.01,341.32,329.82,2022-03-14T04:00:00.0,139902
5.46064e6,340.586,335.1,343.75,345.36,332.36,2022-03-15T04:00:00.0,112121
6.982469e6,353.3494,348.2,357.53,359.99,343.06,2022-03-16T04:00:00.0,143517
5.818348e6,367.4357,359.7,371.4,373.31,354.88,2022-03-17T04:00:00.0,127268
8.324825e6,378.0981,372.0,380.6,381.8,368.47,2022-03-18T04:00:00.0,149956
4.812363e6,374.1247,378.02,374.59,381.82,368.94,2022-03-21T04:00:00.0,124375
4.242762e6,381.8097,371.14,382.92,386.66,366.76,2022-03-22T04:00:00.0,112431
3.728954e6,377.6937,379.77,374.49,382.46,374.49,2022-03-23T04:00:00.0,96703
3.888461e6,374.1352,379.76,375.71,379.76,368.9,2022-03-24T04:00:00.0,98401
3.575953e6,371.6558,377.07,373.85,377.64,366.43,2022-03-25T04:00:00.0,101860
4.323435e6,374.3525,375.23,378.51,380.28,366.73,2022-03-28T04:00:00.0,111378
5.880723e6,390.242,384.39,391.82,396.5,380.33,2022-03-29T04:00:00.0,151424
4.023301e6,384.3949,389.55,381.47,392.7,378.625,2022-03-30T04:00:00.0,111477
4.13472e6,376.6021,383.59,374.59,384.0,373.61,2022-03-31T04:00:00.0,103603
4.644237e6,373.8007,376.8,373.47,380.87,368.5,2022-04-01T04:00:00.0,111371
7.009235e6,389.628,373.55,391.5,396.02,373.13,2022-04-04T04:00:00.0,145683
4.234508e6,381.6537,389.3,380.15,390.0,377.305,2022-04-05T04:00:00.0,110762
4.350785e6,367.4293,374.15,368.35,376.4699,362.73,2022-04-06T04:00:00.0,134607
4.948909e6,361.3157,365.0,362.15,368.54,353.6897,2022-04-07T04:00:00.0,125219
4.025183e6,357.7303,361.96,355.88,362.5,354.865,2022-04-08T04:00:00.0,98147
3.775896e6,349.586,350.0,348.0,354.78,345.2,2022-04-11T04:00:00.0,105365
3.824261e6,349.1845,355.91,344.1,359.41,342.25,2022-04-12T04:00:00.0,111789
3.01595e6,348.5373,343.92,350.43,352.0,341.155,2022-04-13T04:00:00.0,86963
4.343837e6,343.168,350.95,341.13,352.0,339.86,2022-04-14T04:00:00.0,104395
5.096441e6,336.5072,340.0,337.86,342.36,331.615,2022-04-18T04:00:00.0,132372
2.0906885e7,301.223,333.22,348.61,351.68,333.22,2022-04-19T04:00:00.0,428014
1.3333108e8,226.5458,245.2,226.19,248.7,212.51,2022-04-20T04:00:00.0,2175366
5.3501603e7,217.6368,220.0,218.22,227.68,211.52,2022-04-21T04:00:00.0,875158
3.7047427e7,216.4688,220.18,215.52,226.27,210.05,2022-04-22T04:00:00.0,588616
2.8152045e7,208.7182,213.81,209.91,216.66,204.51,2022-04-25T04:00:00.0,435647
2.0303089e7,201.7521,208.8,198.4,209.15,198.2773,2022-04-26T04:00:00.0,341905
2.2298394e7,191.8247,194.005,188.54,200.19,187.77,2022-04-27T04:00:00.0,363098
2.1363162e7,194.1274,191.56,199.52,201.48,185.6,2022-04-28T04:00:00.0,306827
1.6387969e7,196.8656,198.68,190.36,204.71,190.0,2022-04-29T04:00:00.0,249736
1.4591602e7,196.5764,191.71,199.46,200.2141,190.01,2022-05-02T04:00:00.0,230397
1.1839431e7,199.468,198.29,199.87,203.2,194.77,2022-05-03T04:00:00.0,175313
1.2218781e7,197.1341,197.65,204.01,204.38,191.01,2022-05-04T04:00:00.0,211871
1.3971326e7,190.642,200.45,188.32,200.71,186.0,2022-05-05T04:00:00.0,249035
1.7183475e7,181.309,186.75,180.97,187.21,175.81,2022-05-06T04:00:00.0,271206
1.4031327e7,176.273,177.655,173.1,183.2,172.3,2022-05-09T04:00:00.0,247952
1.3883905e7,176.7868,176.01,177.66,181.8712,170.57,2022-05-10T04:00:00.0,225146
1.2595518e7,171.6418,176.09,166.37,180.92,165.55,2022-05-11T04:00:00.0,214219
1.7662118e7,171.2774,163.96,174.31,177.58,162.71,2022-05-12T04:00:00.0,267750
1.3136334e7,183.2407,177.16,187.64,187.77,176.01,2022-05-13T04:00:00.0,206898
1.6125811e7,190.0231,193.3,186.51,195.89,185.7,2022-05-16T04:00:00.0,222855
9.876685e6,189.1663,189.17,190.56,191.4,185.17,2022-05-17T04:00:00.0,145301
9.665632e6,181.3059,186.72,177.19,187.7,176.27,2022-05-18T04:00:00.0,166431
1.0448513e7,182.7465,178.045,183.48,186.3,175.71,2022-05-19T04:00:00.0,156382
1.0410196e7,184.6084,185.8665,186.35,190.19,179.77,2022-05-20T04:00:00.0,148550
9.182027e6,184.2209,186.15,187.44,187.66,177.89,2022-05-23T04:00:00.0,131680
7.636372e6,179.7172,182.0,180.34,184.0,177.17,2022-05-24T04:00:00.0,126431
8.522092e6,185.5355,180.28,187.83,188.87,180.17,2022-05-25T04:00:00.0,134132
8.049933e6,189.9915,186.49,191.4,192.3402,183.0916,2022-05-26T04:00:00.0,127565
8.585987e6,193.8657,193.19,195.19,195.25,190.3722,2022-05-27T04:00:00.0,137070
1.139846e7,196.5705,196.18,197.44,199.95,190.8,2022-05-31T04:00:00.0,143862
8.416151e6,195.5845,198.7,192.91,202.74,191.6606,2022-06-01T04:00:00.0,138965
9.593521e6,200.9868,192.02,205.09,205.47,191.72,2022-06-02T04:00:00.0,155049
7.185175e6,199.9643,200.14,198.98,202.95,198.05,2022-06-03T04:00:00.0,115677
5.372043e6,198.3323,202.09,197.14,203.87,195.38,2022-06-06T04:00:00.0,95530
4.839491e6,196.9433,194.87,198.61,199.6,193.0,2022-06-07T04:00:00.0,80931
7.244121e6,203.407,197.95,202.83,207.38,197.64,2022-06-08T04:00:00.0,119691
6.948967e6,195.7517,200.65,192.77,201.69,192.54,2022-06-09T04:00:00.0,116193
1.307428e7,183.6175,182.64,182.94,185.86,180.85,2022-06-10T04:00:00.0,201531
1.0214607e7,171.5887,177.07,169.69,179.09,168.9571,2022-06-13T04:00:00.0,181287
1.1555323e7,167.4423,169.75,167.54,172.0622,164.28,2022-06-14T04:00:00.0,179824
1.2396041e7,178.1988,169.258,180.11,183.845,168.53,2022-06-15T04:00:00.0,177721
8.201306e6,173.3342,174.0,173.35,176.27,171.56,2022-06-16T04:00:00.0,137143
1.2133372e7,176.017,173.63,175.51,179.65,173.34,2022-06-17T04:00:00.0,121181
1.2177592e7,172.9195,177.6,170.91,178.6189,169.8,2022-06-21T04:00:00.0,161883
1.2010615e7,178.414,170.75,178.89,182.82,170.2,2022-06-22T04:00:00.0,143557
9.538226e6,179.666,180.5,181.71,182.76,175.87,2022-06-23T04:00:00.0,120031
1.2423974e7,189.4535,183.5,190.85,191.19,181.84,2022-06-24T04:00:00.0,145555
8.363879e6,187.4931,191.77,189.14,191.78,182.39,2022-06-27T04:00:00.0,116894
7.170897e6,183.5962,189.2,179.6,192.2,179.37,2022-06-28T04:00:00.0,108253
5.766847e6,177.562,179.55,178.36,180.665,175.1,2022-06-29T04:00:00.0,90618
7.89471e6,174.8005,177.07,174.87,179.45,170.3,2022-06-30T04:00:00.0,106995
5.201583e6,177.9032,176.49,179.95,180.1,174.27,2022-07-01T04:00:00.0,85743
7.339023e6,181.704,176.28,185.88,185.92,172.6801,2022-07-05T04:00:00.0,120595
5.753385e6,183.5411,185.2,184.06,186.22,180.82,2022-07-06T04:00:00.0,97448
6.334545e6,188.0118,184.27,189.27,190.21,183.5,2022-07-07T04:00:00.0,101577
5.83568e6,186.692,186.02,186.975,189.91,182.75,2022-07-08T04:00:00.0,88439
6.048447e6,179.2796,184.73,177.34,184.99,176.89,2022-07-11T04:00:00.0,104561
6.845264e6,175.5517,177.33,174.45,179.7839,173.42,2022-07-12T04:00:00.0,114823
1.2734421e7,175.2435,170.5,176.56,179.18,169.702,2022-07-13T04:00:00.0,163793
9.039457e6,174.4345,175.56,174.78,177.52,171.82,2022-07-14T04:00:00.0,117051
1.6319116e7,185.0134,175.58,189.11,189.22,174.56,2022-07-15T04:00:00.0,205063
1.6322845e7,195.1331,192.5,190.92,199.67,189.8,2022-07-18T04:00:00.0,211843
2.8160566e7,201.8532,193.02,201.63,201.97,188.4,2022-07-19T04:00:00.0,361461
5.3920266e7,210.3985,208.17,216.44,216.9699,200.1,2022-07-20T04:00:00.0,568024
2.3430117e7,218.7175,214.3,223.88,224.32,211.5,2022-07-21T04:00:00.0,279851
1.7805452e7,222.2076,222.38,220.44,229.35,218.44,2022-07-22T04:00:00.0,215351
1.0935247e7,220.6008,221.31,218.51,225.23,216.35,2022-07-25T04:00:00.0,145404
9.508532e6,214.7099,216.66,213.91,219.39,211.64,2022-07-26T04:00:00.0,120770
1.0454385e7,222.6091,216.48,226.75,227.78,214.58,2022-07-27T04:00:00.0,154238
8.972738e6,224.3379,224.6,226.02,228.1,219.67,2022-07-28T04:00:00.0,142928
9.064937e6,226.3575,223.29,224.9,230.75,222.4,2022-07-29T04:00:00.0,138975
5.525044e6,225.4131,223.095,226.21,228.39,221.0,2022-08-01T04:00:00.0,105639
6.361327e6,223.6742,222.76,221.42,228.2,220.88,2022-08-02T04:00:00.0,112638
6.400701e6,226.0636,224.79,226.73,228.1,222.42,2022-08-03T04:00:00.0,105686
7.142741e6,229.2143,227.68,229.91,232.07,225.05,2022-08-04T04:00:00.0,120313
5.472233e6,225.864,225.3,226.78,228.62,222.87,2022-08-05T04:00:00.0,100652
1.0997409e7,235.8124,227.49,233.49,241.9599,226.41,2022-08-08T04:00:00.0,187715
6.179038e6,228.4772,231.62,229.94,232.1999,224.65,2022-08-09T04:00:00.0,107334
9.25476e6,241.7908,236.99,244.11,244.54,236.5958,2022-08-10T04:00:00.0,153066
8.780062e6,246.0759,244.68,242.7,251.62,241.51,2022-08-11T04:00:00.0,146214
6.098531e6,246.9937,244.81,249.3,249.41,243.76,2022-08-12T04:00:00.0,99855
6.527391e6,249.5343,248.11,249.11,251.99,247.51,2022-08-15T04:00:00.0,106795
5.136806e6,246.5029,247.16,245.69,249.29,244.03,2022-08-16T04:00:00.0,93485
5.627224e6,240.753,241.18,241.15,244.24,237.56,2022-08-17T04:00:00.0,101377
5.280387e6,244.199,241.96,245.17,246.4794,239.2801,2022-08-18T04:00:00.0,100811
7.504707e6,239.026,240.95,241.16,243.29,235.68,2022-08-19T04:00:00.0,129072
8.630094e6,227.1664,232.55,226.54,233.475,224.59,2022-08-22T04:00:00.0,140771
5.276945e6,226.067,226.46,224.55,229.9,224.3,2022-08-23T04:00:00.0,85178
5.426316e6,230.6372,225.66,229.61,234.1,223.94,2022-08-24T04:00:00.0,88402
3.766617e6,232.0623,230.24,233.98,234.16,229.0,2022-08-25T04:00:00.0,71647
5.349848e6,226.9874,233.625,223.28,236.95,223.15,2022-08-26T04:00:00.0,91760
7.109397e6,226.2699,221.93,224.57,229.87,221.52,2022-08-29T04:00:00.0,112054
5.633634e6,222.2188,226.66,220.65,229.79,218.74,2022-08-30T04:00:00.0,99045
8.615906e6,227.669,227.0,223.56,233.8787,223.43,2022-08-31T04:00:00.0,126827
7.292917e6,224.822,220.72,230.04,230.37,219.47,2022-09-01T04:00:00.0,123512
8.164883e6,229.0169,231.03,226.11,233.8814,225.04,2022-09-02T04:00:00.0,128955
7.469016e6,218.4857,225.59,218.39,226.85,214.69,2022-09-06T04:00:00.0,129824
8.149329e6,224.6908,220.21,228.96,229.33,218.2681,2022-09-07T04:00:00.0,115095
6.737436e6,225.6195,224.16,227.44,228.735,221.3,2022-09-08T04:00:00.0,99018
6.70206e6,232.824,229.62,233.57,234.7799,229.62,2022-09-09T04:00:00.0,99969
6.047425e6,236.0446,233.61,236.53,239.49,233.37,2022-09-12T04:00:00.0,96391
8.000128e6,222.0541,226.5,218.13,227.69,217.72,2022-09-13T04:00:00.0,134942
8.23034e6,221.3167,219.82,224.12,228.0,215.8,2022-09-14T04:00:00.0,127289
1.9454122e7,236.2453,230.47,235.38,242.2871,229.1,2022-09-15T04:00:00.0,258533
1.8894177e7,236.6254,231.22,240.13,241.355,227.83,2022-09-16T04:00:00.0,224824
1.791237e7,240.4185,245.05,243.63,245.25,235.75,2022-09-19T04:00:00.0,222794
1.6032681e7,245.4874,240.37,242.85,250.49,239.66,2022-09-20T04:00:00.0,196346
9.153572e6,241.734,242.67,236.87,248.2999,236.68,2022-09-21T04:00:00.0,128581
1.0017965e7,237.0776,235.35,237.05,240.5,231.66,2022-09-22T04:00:00.0,132949
1.1207228e7,228.0934,235.14,226.41,236.4499,221.43,2022-09-23T04:00:00.0,176258
8.234285e6,226.8499,225.6,224.07,232.7,223.01,2022-09-26T04:00:00.0,131729
7.762223e6,225.1664,228.63,224.36,230.64,220.72,2022-09-27T04:00:00.0,124650
1.757967e7,239.7225,229.69,245.2,246.65,227.38,2022-09-28T04:00:00.0,227594
1.8994943e7,241.2434,241.61,239.71,246.98,235.68,2022-09-29T04:00:00.0,252472
1.1848607e7,238.0581,237.0,235.44,242.44,233.26,2022-09-30T04:00:00.0,158213
8.657443e6,237.6725,237.85,239.04,241.54,232.85,2022-10-03T04:00:00.0,132993
1.3925854e7,238.9809,244.84,240.74,245.7999,233.25,2022-10-04T04:00:00.0,183919
1.0675633e7,233.8053,238.76,236.73,241.59,227.38,2022-10-05T04:00:00.0,149028
9.18894e6,239.4166,236.68,240.02,244.28,233.9101,2022-10-06T04:00:00.0,128310
9.806128e6,229.2009,235.77,224.75,237.33,224.28,2022-10-07T04:00:00.0,152782
9.991145e6,229.3206,225.64,229.98,233.83,224.23,2022-10-10T04:00:00.0,151551
1.5282411e7,218.3654,226.05,214.29,230.44,213.7,2022-10-11T04:00:00.0,207001
1.2952643e7,219.6989,214.3,220.87,223.67,212.64,2022-10-12T04:00:00.0,162507
1.7505012e7,225.7166,212.69,232.51,234.47,211.73,2022-10-13T04:00:00.0,235829
1.52934e7,232.5806,237.8,230.0,238.8,229.51,2022-10-14T04:00:00.0,198736
2.1057824e7,244.5709,234.41,245.1,249.9221,234.4,2022-10-17T04:00:00.0,264103
2.5776731e7,249.8388,249.8,240.86,250.37,237.73,2022-10-18T04:00:00.0,359438
4.6680835e7,272.8601,265.0,272.38,279.3,262.66,2022-10-19T04:00:00.0,584892
1.7207104e7,272.1012,272.78,268.16,278.3755,266.38,2022-10-20T04:00:00.0,222490
2.4887315e7,282.6096,268.95,289.57,290.75,265.68,2022-10-21T04:00:00.0,305098
1.3326418e7,284.2932,290.23,282.45,290.49,280.36,2022-10-24T04:00:00.0,193393
1.5091918e7,292.4588,286.95,291.02,297.59,285.5501,2022-10-25T04:00:00.0,206773
1.5749252e7,299.9675,290.04,298.62,305.63,288.04,2022-10-26T04:00:00.0,226805
1.4612586e7,300.0956,298.33,296.94,305.21,294.78,2022-10-27T04:00:00.0,201793
9.948047e6,295.6644,297.7,295.72,301.19,292.2924,2022-10-28T04:00:00.0,147662
7.505133e6,292.1372,295.13,291.88,297.6199,289.5,2022-10-31T04:00:00.0,116719
6.916424e6,290.3235,296.17,286.75,299.7,286.42,2022-11-01T04:00:00.0,113127
1.036762e7,279.417,286.4,273.0,287.33,272.84,2022-11-02T04:00:00.0,174619
